fecha,TbFin,TbFinTGR
2020-05-01,386.953045142567,532.498706024381
2020-05-02,367.209737508458,505.863746667411
2020-05-03,367.209737508458,505.863746667411
2020-05-04,367.209737508458,505.863746667411
2020-05-05,375.591843855598,517.591438318475
2020-05-06,407.303239047914,562.143603569642
2020-05-31,359.428167351989,499.556302356624
2020-05-25,356.637760520408,493.723299779555
2020-05-26,356.637760520408,493.723299779555
2020-05-27,373.26408575097,517.41272890826
2020-05-28,368.633062709612,511.518946988631
2020-05-29,360.647382820664,501.034056819773
2020-05-30,361.605337831765,502.196121563354
2020-05-19,383.818826806055,528.411975602966
2020-05-20,397.850690548217,548.841999092572
2020-05-21,404.77862844574,559.440283557252
2020-05-22,374.040609888757,516.434816501094
2020-05-23,361.04018066139,499.025617052179
2020-05-24,356.637760520408,493.723299779555
2020-05-13,363.064042053216,500.878026268722
2020-05-14,352.629045374519,485.795677770068
2020-05-15,355.621747629845,489.525896525419
2020-05-16,366.872276084092,504.853176703048
2020-05-17,367.636100060747,505.770309767654
2020-05-18,367.636100060747,505.770309767654
2020-05-07,406.21102519056,559.461148107683
2020-05-08,390.031019908351,538.217407151261
2020-05-09,379.50712210173,522.319526877057
2020-05-10,376.339339053655,518.49314975885
2020-05-11,376.339339053655,518.49314975885
2020-05-12,374.811691100345,516.355894071202
2020-06-01,340.123015276934,472.417872326206
2020-06-02,336.598720562795,467.485674035145
2020-06-03,348.942370028763,484.823208289101
2020-06-04,354.505040604593,493.013905064895
2020-06-05,342.402694200134,476.927336682444
2020-06-06,340.680915212377,474.71750864547
2020-06-25,336.747493878914,467.092876194419
2020-06-26,314.332616635245,435.803307782559
2020-06-27,316.531558819819,438.238110102443
2020-06-28,318.026549215933,440.001618191062
2020-06-29,318.026549215933,440.001618191062
2020-06-30,343.359742056869,475.445953601829
2020-06-19,318.420254211026,442.019129502322
2020-06-20,323.390552985483,448.817344325425
2020-06-21,327.357539030509,453.530918414142
2020-06-22,327.357539030509,453.530918414142
2020-06-23,343.86774850215,476.631604358941
2020-06-24,336.234044507433,465.896339584908
2020-06-13,333.743905771188,464.202682382515
2020-06-14,340.105779343969,471.832757759766
2020-06-15,340.105779343969,471.832757759766
2020-06-16,320.88136400754,444.935630790857
2020-06-17,320.522130878377,444.660763017785
2020-06-18,326.57375765779,452.599270879671
2020-06-07,343.770682984927,478.446820246455
2020-06-08,343.770682984927,478.446820246455
2020-06-09,345.851695101847,481.356971454423
2020-06-10,340.409676056772,474.389118764771
2020-06-11,344.789417338589,480.336422792028
2020-06-12,345.722879181794,481.465829978412
2020-07-01,353.591536157454,489.31906532984
2020-07-02,342.457123462128,473.331376773346
2020-07-03,338.989979473084,468.589680899265
2020-07-04,335.540071417004,464.475735846854
2020-07-05,332.042991333862,460.305547223714
2020-07-06,332.042991333862,460.305547223714
2020-07-31,364.912822652293,507.717063038321
2020-07-25,355.561875441652,493.900194881037
2020-07-26,357.065030227064,495.720853694751
2020-07-27,357.065030227064,495.720853694751
2020-07-28,364.165327454236,505.655101163099
2020-07-29,365.883477824527,508.003723818158
2020-07-30,367.939089619183,511.783836063671
2020-07-19,355.556432515452,493.760493108585
2020-07-20,355.556432515452,493.760493108585
2020-07-21,344.226074476947,477.907063398343
2020-07-22,353.062665161741,489.798949989758
2020-07-23,353.450020076268,489.991266715471
2020-07-24,351.345421945817,487.72519510777
2020-07-13,370.178853750253,513.228932969623
2020-07-14,368.738292616134,511.212328812729
2020-07-15,357.943155653907,496.514613765503
2020-07-16,358.419411696359,497.360988789516
2020-07-17,361.210725682306,500.876211959989
2020-07-18,356.381942989034,494.760177220549
2020-07-07,356.35654266677,494.323835970227
2020-07-08,376.269488167429,522.458321495143
2020-07-09,364.451988234074,506.262894588703
2020-07-10,382.094326355198,530.084768254928
2020-07-11,371.951433382538,515.383424590235
2020-07-12,370.178853750253,513.228932969623
2020-08-01,359.955224038968,500.812711154329
2020-08-02,362.470763097477,503.868914215315
2020-08-03,362.470763097477,503.868914215315
2020-08-04,384.999034636967,535.388899836284
2020-08-05,407.978161896645,567.468599701429
2020-08-06,428.165068016009,594.661458993842
2020-08-31,457.902495306661,637.535388666847
2020-08-25,473.764089406201,659.577425465854
2020-08-26,466.232893854907,649.396432009797
2020-08-27,435.24722215585,606.175062214395
2020-08-28,459.461893662801,640.085399591285
2020-08-29,454.330121411094,633.036810163008
2020-08-30,457.902495306661,637.535388666847
2020-08-19,445.156069301934,619.919358022352
2020-08-20,449.812492665557,626.368318414325
2020-08-21,445.205055637729,619.676240652111
2020-08-22,440.632997630198,613.53661989914
2020-08-23,442.783860633344,616.230868367864
2020-08-24,442.783860633344,616.230868367864
2020-08-13,416.761230473811,579.034817875244
2020-08-14,424.51377169055,590.22728845003
2020-08-15,440.777235174483,612.991420124829
2020-08-16,439.349374201496,611.205233177046
2020-08-17,439.349374201496,611.205233177046
2020-08-18,445.004574522716,619.117433562301
2020-08-07,428.800983226977,595.116850485862
2020-08-08,414.083310783686,575.487844301941
2020-08-09,413.419273787354,574.663240982725
2020-08-10,413.419273787354,574.663240982725
2020-08-11,420.519571014526,584.59839560544
2020-08-12,423.254641429746,588.109990158447
2020-09-01,432.826027151465,602.5464447481
2020-09-02,413.184320806411,575.721890128516
2020-09-03,435.877694440618,607.401534918002
2020-09-04,436.83837091482,609.114242362093
2020-09-05,413.536296700642,576.267997057194
2020-09-06,410.246047813079,572.17854517268
2020-09-25,387.184369506043,540.091588072602
2020-09-26,381.165400283827,530.334235705736
2020-09-27,385.258480785807,535.349892198522
2020-09-28,385.258480785807,535.349892198522
2020-09-29,378.867578273296,526.407164452838
2020-09-30,391.311921873954,543.634025874072
2020-09-19,341.392124235771,477.297455664006
2020-09-20,340.251831196988,475.916766718081
2020-09-21,340.251831196988,475.916766718081
2020-09-22,315.599004130981,441.42403623785
2020-09-23,305.422546446758,427.225256092239
2020-09-24,342.515181341589,477.753754310392
2020-09-13,371.232967124212,518.517642926747
2020-09-14,371.232967124212,518.517642926747
2020-09-15,396.90452854388,554.435512916865
2020-09-16,409.113012009229,571.405649652359
2020-09-17,396.97347227574,555.056006503602
2020-09-18,367.534498771691,513.865755334957
2020-09-07,410.246047813079,572.17854517268
2020-09-08,410.246047813079,572.17854517268
2020-09-09,421.472083099429,587.953959607396
2020-09-10,406.00691545808,566.373664380975
2020-09-11,399.072627479991,556.351422939069
2020-09-12,375.09109464525,523.248452948429
2020-10-01,385.992368668365,536.206245920567
2020-10-02,339.834540188364,471.873579706262
2020-10-03,308.266475385966,428.259412070133
2020-10-04,306.129219698319,425.751130246557
2020-10-05,306.129219698319,425.751130246557
2020-10-06,367.475533737864,511.584262103024
2020-10-31,514.839131970291,719.80068239958
2020-10-25,489.882408191482,685.228122335091
2020-10-26,489.882408191482,685.228122335091
2020-10-27,527.273496872916,737.545528964128
2020-10-28,516.185349050286,722.311685686256
2020-10-29,512.203848535394,716.58391301571
2020-10-30,508.660503579558,711.887574859958
2020-10-19,451.681230660698,630.872339844363
2020-10-20,493.774100424084,689.767522785426
2020-10-21,490.887535229646,686.258649695519
2020-10-22,494.044432425323,690.785349984721
2020-10-23,513.22167573469,717.729648980693
2020-10-24,490.583638516844,686.122576540533
2020-10-13,460.065151316572,642.478472810307
2020-10-14,454.687540231524,635.594078322379
2020-10-15,441.893035045368,617.60067146139
2020-10-16,452.750765658889,632.409059341339
2020-10-17,450.138161083157,628.927400882429
2020-10-18,451.681230660698,630.872339844363
2020-10-07,407.977254742279,568.903717909349
2020-10-08,398.250745623876,556.081998092196
2020-10-09,350.769378923043,489.507753438087
2020-10-10,435.288044102346,607.65372383191
2020-10-11,434.207623251756,606.299342362615
2020-10-12,434.207623251756,606.299342362615
2020-11-01,519.49374102518,725.798787071366
2020-11-02,519.49374102518,725.798787071366
2020-11-03,515.421525073631,720.100950494916
2020-11-04,493.022976608561,688.762395747262
2020-11-05,459.40655724644,642.05120310365
2020-11-06,475.732614381666,665.140096041684
2020-11-25,402.117944688579,564.810637407368
2020-11-26,421.628113650479,592.149548552799
2020-11-27,420.837075042827,591.153493058301
2020-11-28,420.632965310348,590.897675526928
2020-11-29,420.636593927814,590.90221129876
2020-11-30,420.636593927814,590.90221129876
2020-11-19,399.312116232767,559.942847076334
2020-11-20,385.626785458636,541.211923715321
2020-11-21,379.1497032813,532.360818560661
2020-11-22,378.303328257287,531.313055267269
2020-11-23,378.303328257287,531.313055267269
2020-11-24,393.043679559743,551.938116945688
2020-11-13,493.168121307212,691.472065840218
2020-11-14,490.393136099863,687.138589431095
2020-11-15,489.402523531565,685.873109089725
2020-11-16,489.402523531565,685.873109089725
2020-11-17,442.469985222509,620.206925956556
2020-11-18,430.084606655679,602.878463246266
2020-11-07,477.339184764868,667.698271355421
2020-11-08,471.865415316963,660.742211672534
2020-11-09,471.865415316963,660.742211672534
2020-11-10,474.501605906226,664.430701327023
2020-11-11,480.820843223778,673.635596684646
2020-11-12,486.454271840201,682.185526589603
2020-12-01,471.571497302193,662.178237034821
2020-12-02,451.176852832883,633.563866849987
2020-12-03,459.433771877437,644.955911385419
2020-12-04,429.002371496357,602.60722409066
2020-12-05,423.889649486347,595.45612621896
2020-12-06,421.295187997947,592.189463344928
2020-12-31,422.579718581015,593.628210170314
2020-12-25,429.739887996381,603.625051289956
2020-12-26,430.881995343897,605.065612424075
2020-12-27,430.881995343897,605.065612424075
2020-12-28,430.881995343897,605.065612424075
2020-12-29,389.36426144892,546.975075406163
2020-12-30,405.759262316006,570.598282266108
2020-12-19,439.186993569879,617.11352956654
2020-12-20,436.61339663191,613.856845390541
2020-12-21,436.61339663191,613.856845390541
2020-12-22,439.759407975187,618.259265531523
2020-12-23,448.637727760844,630.343468848651
2020-12-24,449.515853187687,631.206172651262
2020-12-13,428.528836917005,602.184490155837
2020-12-14,428.528836917005,602.184490155837
2020-12-15,446.270962018453,627.008769397126
2020-12-16,448.571505492084,629.841812483935
2020-12-17,455.069452219851,638.751882672422
2020-12-18,445.452708779804,625.468421282684
2020-12-07,421.295187997947,592.189463344928
2020-12-08,405.492558932233,570.079389968428
2020-12-09,403.307224063157,567.341598090109
2020-12-10,410.888313104613,577.851888581231
2020-12-11,411.559607335878,578.964966989017
2020-12-12,426.280908396636,599.350539914661
2021-01-01,406.222818197325,571.216961544112
2021-01-02,405.985143753283,570.919414911875
2021-01-03,405.985143753283,570.919414911875
2021-01-04,405.985143753283,570.919414911875
2021-01-05,424.340505206534,596.601862183943
2021-01-06,441.549223540437,620.747589959034
2021-01-31,446.620216449584,626.915332497369
2021-01-25,411.940612169839,579.756912751036
2021-01-26,426.982138721997,600.801986901179
2021-01-27,449.340772394938,631.457454410803
2021-01-28,458.581046772858,643.932641259924
2021-01-29,441.707975554587,620.696789314506
2021-01-30,445.599667787189,625.622637525001
2021-01-19,448.459925504995,630.748966850509
2021-01-20,435.428653029165,612.49611384068
2021-01-21,415.396870306485,584.546687806545
2021-01-22,413.972637950964,582.754150778196
2021-01-23,409.051325512302,576.124666667275
2021-01-24,411.940612169839,579.756912751036
2021-01-13,468.744804295949,658.640335005183
2021-01-14,457.006226792486,641.849814834271
2021-01-15,454.131454604814,638.278348093071
2021-01-16,448.742050513,631.107292825306
2021-01-17,448.459925504995,630.748966850509
2021-01-18,448.459925504995,630.748966850509
2021-01-07,454.189512484275,638.595852121371
2021-01-08,468.190532977973,657.932754599256
2021-01-09,446.127631628534,627.626541520762
2021-01-10,449.792535269492,632.278429112552
2021-01-11,449.792535269492,632.278429112552
2021-01-12,443.47057648884,623.433674038459
2021-02-01,456.308625084591,640.493619056243
2021-02-02,467.249813899836,655.801848992174
2021-02-03,496.853889498601,697.222517369928
2021-02-04,471.47443178497,661.828075449323
2021-02-05,474.875353505254,666.722173256988
2021-02-06,520.240329068871,730.135892097954
2021-02-25,449.945844357443,630.53941419183
2021-02-26,426.567569176473,598.073266566525
2021-02-27,424.618094442706,595.623949776776
2021-02-28,431.418123574542,604.167529601167
2021-02-19,7201.54835464291,10078.3407750892
2021-02-20,601.21202067487,843.349664200715
2021-02-21,606.361028859542,850.062606513361
2021-02-22,606.361028859542,850.062606513361
2021-02-23,434.579556542052,609.712964244032
2021-02-24,448.302080645212,628.898371942699
2021-02-13,23119.7924300674,32350.8873129515
2021-02-14,22998.7136296064,32181.7511027669
2021-02-15,22998.7136296064,32181.7511027669
2021-02-16,22998.7136296064,32181.7511027669
2021-02-17,50812.6017298316,71097.8234251361
2021-02-18,45561.8679759549,63751.2301588217
2021-02-07,525.953587269551,737.490192547767
2021-02-08,525.953587269551,737.490192547767
2021-02-09,522.059173573851,732.040916267759
2021-02-10,524.055820334679,735.618733089526
2021-02-11,688.518371222654,965.770145969833
2021-02-12,23157.161747044,32403.0904181303
2021-03-01,435.552933177385,610.050425668398
2021-03-02,448.132442778662,627.65103468866
2021-03-03,476.358550894602,666.919025754535
2021-03-04,459.973528725548,644.838888472131
2021-03-05,451.651294566602,632.992359599046
2021-03-06,442.978898822157,620.328484641677
2021-03-31,427.100068789652,598.958649228301
2021-03-25,420.113165858301,589.154124834373
2021-03-26,423.178440462954,593.281677202283
2021-03-27,423.163925993088,592.881622126624
2021-03-28,422.774756769828,592.394480231774
2021-03-29,422.774756769828,592.394480231774
2021-03-30,425.412761667825,596.083877040629
2021-03-19,410.905549037578,576.279790063959
2021-03-20,404.882044043529,567.574736762318
2021-03-21,400.805292320147,562.493765155139
2021-03-22,400.805292320147,562.493765155139
2021-03-23,417.030655320684,585.196210333012
2021-03-24,419.053609558143,587.920394895833
2021-03-13,433.314076200681,606.573302981321
2021-03-14,428.415442621183,600.422796375951
2021-03-15,428.415442621183,600.422796375951
2021-03-16,419.208732954827,587.541204370605
2021-03-17,420.524106786359,589.380913426016
2021-03-18,422.071712135734,591.416567824608
2021-03-07,442.127988026311,619.255321026021
2021-03-08,442.127988026311,619.255321026021
2021-03-09,422.267657478914,591.468275623502
2021-03-10,429.546664116301,600.584269853201
2021-03-11,438.380533337995,612.545100176475
2021-03-12,438.89035409201,613.672693054126
2021-04-01,430.593520255327,603.879054512597
2021-04-02,422.703998729236,592.846243106328
2021-04-03,422.703998729236,592.846243106328
2021-04-04,422.703998729236,592.846243106328
2021-04-05,422.703998729236,592.846243106328
2021-04-06,418.778741785071,587.354330571091
2021-04-25,453.506425246245,637.803906359352
2021-04-26,453.506425246245,637.803906359352
2021-04-27,455.400563563651,640.453704264114
2021-04-28,473.984527917279,666.499920437178
2021-04-29,485.879135971793,683.229661265529
2021-04-30,468.668603329157,658.779129623269
2021-04-19,452.418747160723,636.177378580086
2021-04-20,462.541682737319,650.340779705401
2021-04-21,466.10770655232,655.35825050692
2021-04-22,453.952745194599,638.614902363069
2021-04-23,457.319195048954,643.135252571706
2021-04-24,453.25605064107,637.486402331052
2021-04-13,431.409052030877,606.360121705176
2021-04-14,446.23739730689,626.915332497369
2021-04-15,449.386130113267,631.496462048566
2021-04-16,452.787958987918,636.313451735072
2021-04-17,455.034980353921,639.495749253012
2021-04-18,452.418747160723,636.177378580086
2021-04-07,417.211179039632,585.582658093172
2021-04-08,420.889689996088,591.22787971636
2021-04-09,425.078928860925,597.31488551607
2021-04-10,420.234724543422,590.497620451268
2021-04-11,418.652647328118,588.510952388472
2021-04-12,418.652647328118,588.510952388472
2021-05-01,470.048385120716,660.907313767251
2021-05-02,472.677318475046,664.253806225541
2021-05-03,472.677318475046,664.253806225541
2021-05-04,494.372822306022,694.609912794196
2021-05-05,503.906107544345,707.727364934851
2021-05-06,507.930244314466,713.336300383376
2021-05-31,465.781130980353,654.99538876029
2021-05-25,474.487998590727,667.355367004856
2021-05-26,477.231233395246,671.009384793415
2021-05-27,474.298403328113,667.113156788981
2021-05-28,464.58005859901,653.46774080698
2021-05-29,464.333312611302,653.153865396146
2021-05-30,465.781130980353,654.99538876029
2021-05-19,473.807632815797,666.487220276045
2021-05-20,470.325067202521,661.734638549566
2021-05-21,465.884546578142,655.44805878921
2021-05-22,457.984139199652,644.437019087739
2021-05-23,459.338520668947,646.158798075496
2021-05-24,459.338520668947,646.158798075496
2021-05-13,480.907930042969,676.323495072804
2021-05-14,475.200114768488,668.340536646956
2021-05-15,478.978412705267,673.079511057936
2021-05-16,478.04041509023,671.883881602792
2021-05-17,478.04041509023,671.883881602792
2021-05-18,490.771419470725,689.6976718992
2021-05-07,495.834247990572,696.325341701387
2021-05-08,490.357757079567,688.703430713435
2021-05-09,489.842493399353,688.046650952035
2021-05-10,489.842493399353,688.046650952035
2021-05-11,488.561591433751,686.253206769319
2021-05-12,488.010041578874,686.166119950128
2021-06-01,460.387191116706,647.657417089076
2021-06-02,488.158814894992,686.525353079291
2021-06-03,482.601587245362,678.810912345949
2021-06-04,480.725592015288,676.26090142151
2021-06-05,470.71695788888,662.166444028055
2021-06-06,473.484685861297,665.688017279094
2021-06-25,533.766907828851,748.685384585653
2021-06-26,539.169012081797,757.089262637591
2021-06-27,534.338415079792,750.864369374163
2021-06-28,534.338415079792,750.864369374163
2021-06-29,559.800423840782,786.489228503877
2021-06-30,579.771427220901,815.106320151811
2021-06-19,507.840436032175,713.761755781299
2021-06-20,516.195327748319,724.473434541801
2021-06-21,516.195327748319,724.473434541801
2021-06-22,503.222113151948,706.323089975395
2021-06-23,528.222380340352,740.58721755525
2021-06-24,534.437294905748,749.546274079531
2021-06-13,507.258042928835,713.893293164453
2021-06-14,507.258042928835,713.893293164453
2021-06-15,516.640740542306,727.02072400314
2021-06-16,530.373243343498,745.754368827253
2021-06-17,511.358380665748,719.084937604354
2021-06-18,517.605952788341,727.254769829716
2021-06-07,473.484685861297,665.688017279094
2021-06-08,488.134321727095,686.185170191826
2021-06-09,492.973990272766,693.293631808298
2021-06-10,486.222040322358,684.203945055229
2021-06-11,496.367654758118,698.463504543401
2021-06-12,507.017647021693,713.583953525451
2021-07-01,563.351933185918,792.314973846014
2021-07-02,559.281531543102,786.584479712368
2021-07-03,546.413546853254,768.340698246205
2021-07-04,549.634852008957,772.500001016945
2021-07-05,549.634852008957,772.500001016945
2021-07-06,549.634852008957,772.500001016945
2021-07-31,612.200381517177,860.260835902382
2021-07-25,609.584148323979,855.994488916386
2021-07-26,609.584148323979,855.994488916386
2021-07-27,629.447200334476,883.786977245104
2021-07-28,620.519894213024,871.714566934741
2021-07-29,614.181606653774,862.844411538384
2021-07-30,612.85625412421,861.116282470061
2021-07-19,565.637962189683,795.145295469724
2021-07-20,574.501767505475,807.547909969519
2021-07-21,581.680080008172,817.823247479699
2021-07-22,601.433366340314,845.072350342839
2021-07-23,601.916879617698,845.38985437114
2021-07-24,609.844501627185,856.333764649484
2021-07-13,573.038527512192,805.325381771413
2021-07-14,560.916223711668,788.701778003951
2021-07-15,559.71877994779,787.085228922717
2021-07-16,564.572055808959,793.500624603126
2021-07-17,564.56389141966,793.753720671399
2021-07-18,565.637962189683,795.145295469724
2021-07-07,563.484377723438,792.290480678116
2021-07-08,547.628226550096,770.180407301616
2021-07-09,552.955036990617,777.334226636416
2021-07-10,566.29020617925,795.92454107061
2021-07-11,566.686632637443,796.437083287724
2021-07-12,566.686632637443,796.437083287724
2021-08-01,595.026135049204,836.762816345024
2021-08-02,595.026135049204,836.762816345024
2021-08-03,605.737813809706,851.749913635188
2021-08-04,603.236789221063,848.248297780213
2021-08-05,622.325131402506,874.939500707911
2021-08-06,633.572938393653,890.568863289608
2021-08-31,656.640966781255,921.610778559393
2021-08-25,612.120551932919,859.184950823626
2021-08-26,627.349859438957,880.523942988538
2021-08-27,635.668464980438,892.415829579952
2021-08-28,664.565867327642,932.856771241807
2021-08-29,666.333911188095,935.171829185303
2021-08-30,666.333911188095,935.171829185303
2021-08-19,589.209461250734,828.512247381036
2021-08-20,585.677909301663,823.289759692672
2021-08-21,603.984284419119,848.851555433985
2021-08-22,606.912578714419,852.661603773594
2021-08-23,606.912578714419,852.661603773594
2021-08-24,601.80257816751,845.512320210627
2021-08-13,612.281118255802,860.21094241222
2021-08-14,597.334842912134,839.702903647089
2021-08-15,595.643000018474,837.502147153782
2021-08-16,595.643000018474,837.502147153782
2021-08-17,604.484126475101,849.873011250747
2021-08-18,593.555637820988,834.663661140773
2021-08-07,626.525256119742,880.540271767136
2021-08-08,625.79771831775,879.5913882997
2021-08-09,625.79771831775,879.5913882997
2021-08-10,618.838030017397,869.852179020165
2021-08-11,617.765773556107,868.152171737206
2021-08-12,613.749801175285,862.369062650299
2021-09-01,662.189122887219,929.825061348718
2021-09-02,699.166549177496,981.801377935923
2021-09-03,726.551725195622,1020.33275965614
2021-09-04,718.168711694114,1008.87177138885
2021-09-05,718.460815400151,1009.25640484028
2021-09-06,718.460815400151,1009.25640484028
2021-09-25,735.801071117207,1033.34951766211
2021-09-26,735.63869048559,1033.13452207723
2021-09-27,735.63869048559,1033.13452207723
2021-09-28,788.417838687213,1106.98142328816
2021-09-29,831.714502295042,1167.33349614194
2021-09-30,805.925010807718,1131.2695742988
2021-09-19,743.305959191871,1044.20724827563
2021-09-20,743.305959191871,1044.20724827563
2021-09-21,753.416194607335,1058.35250631361
2021-09-22,712.614205507584,1001.03486481602
2021-09-23,725.20732242436,1018.14833194143
2021-09-24,730.617591066605,1025.79745756038
2021-09-13,732.371120457192,1028.8228173729
2021-09-14,758.9507433978,1066.01161063059
2021-09-15,775.757592347311,1089.68924675253
2021-09-16,802.105890924443,1126.56597890812
2021-09-17,773.118680294948,1085.91094881575
2021-09-18,743.416632024593,1044.35420728301
2021-09-07,718.460815400151,1009.25640484028
2021-09-08,697.146316403136,979.625114610513
2021-09-09,731.50841665458,1027.73423213301
2021-09-10,738.484433733532,1037.34371833813
2021-09-11,732.591558968269,1029.11401392457
2021-09-12,732.371120457192,1028.8228173729
2021-10-01,799.96228515623,1122.43751938584
2021-10-02,815.451945965475,1143.59145205997
2021-10-03,817.847740647596,1146.76830665171
2021-10-04,817.847740647596,1146.76830665171
2021-10-05,861.588909895046,1207.96947599261
2021-10-06,886.901238185551,1243.52629854483
2021-10-31,814.230009033701,1142.34683626903
2021-10-25,744.388194351193,1044.79236284207
2021-10-26,818.379333106408,1148.31772630982
2021-10-27,815.985352733021,1145.18532228204
2021-10-28,841.211501358701,1180.46546275246
2021-10-29,809.126358567357,1135.57492892256
2021-10-30,809.283296272774,1135.78357442687
2021-10-19,752.784815168199,1055.61380728092
2021-10-20,708.396844857383,993.886488407417
2021-10-21,715.277610727844,1003.80712856027
2021-10-22,740.540952682554,1039.40840167645
2021-10-23,741.692131573736,1041.233596262
2021-10-24,744.388194351193,1044.79236284207
2021-10-13,777.968327538651,1090.51929299795
2021-10-14,794.361514097004,1113.26074581358
2021-10-15,847.56611769655,1187.76986971211
2021-10-16,794.074853317167,1113.18000907496
2021-10-17,791.388769237742,1109.62577826672
2021-10-18,791.388769237742,1109.62577826672
2021-10-07,860.768842347663,1206.78836100733
2021-10-08,823.14461499402,1154.12714287336
2021-10-09,820.128326725163,1149.60225689289
2021-10-10,816.777298495039,1145.15720049668
2021-10-11,816.777298495039,1145.15720049668
2021-10-12,778.179694506063,1091.15430105455
2021-11-01,778.842824348028,1092.90238751893
2021-11-02,741.412728028832,1040.53236593664
2021-11-03,795.888254895947,1116.19811165255
2021-11-04,809.576307133177,1135.35086179402
2021-11-05,854.155687015341,1196.82962037108
2021-11-06,792.35307432941,1110.42498126367
2021-11-25,715.012721652805,1001.86672537017
2021-11-26,722.80064188984,1012.09216939018
2021-11-27,729.88007456658,1021.38778018446
2021-11-28,733.357197253657,1025.95258095706
2021-11-29,733.357197253657,1025.95258095706
2021-11-30,754.56374488105,1055.62469313332
2021-11-19,737.256146721191,1033.40576123283
2021-11-20,736.017881010818,1031.99241472971
2021-11-21,738.372853746443,1035.09397550903
2021-11-22,738.372853746443,1035.09397550903
2021-11-23,702.774302093359,985.285757857932
2021-11-24,721.349194903322,1011.09792820442
2021-11-13,709.899999642795,996.048237262962
2021-11-14,709.740340474278,995.838684604284
2021-11-15,709.740340474278,995.838684604284
2021-11-16,685.698028296976,962.200493537366
2021-11-17,736.380742757447,1033.1136575268
2021-11-18,729.314010241838,1023.11228063532
2021-11-07,784.889915355608,1100.55514175535
2021-11-08,784.889915355608,1100.55514175535
2021-11-09,761.316601985825,1067.57100898673
2021-11-10,718.422714916755,1008.18414837898
2021-11-11,676.90951679361,950.278670851854
2021-11-12,709.720383078214,996.304054794336
2021-12-01,704.174948435349,984.56094151904
2021-12-02,661.619429945011,925.251189032453
2021-12-03,642.691654086451,899.556041599254
2021-12-04,620.359327890141,868.785365485075
2021-12-05,621.216588766553,869.897536738494
2021-12-06,621.216588766553,869.897536738494
2021-12-31,531.367484529263,746.168031218411
2021-12-25,518.299925878769,727.404450300201
2021-12-26,516.191699130852,724.712923294577
2021-12-27,516.191699130852,724.712923294577
2021-12-28,509.632973060525,715.536149722318
2021-12-29,526.268369834753,738.940732379918
2021-12-30,533.814079855912,749.302249554923
2021-12-19,577.920832313091,810.355552734064
2021-12-20,577.920832313091,810.355552734064
2021-12-21,615.123232886277,862.408977442428
2021-12-22,598.847069241213,840.154666521643
2021-12-23,600.890888029103,843.006759850151
2021-12-24,518.960334257635,728.247196706748
2021-12-13,577.303060189454,809.19439514485
2021-12-14,620.710396630005,869.927472832591
2021-12-15,567.845068763557,796.344553542334
2021-12-16,590.249060154827,827.565178222334
2021-12-17,592.679326702878,830.347420664615
2021-12-18,585.799467986783,820.517495948423
2021-12-07,592.808142622932,830.149661012702
2021-12-08,596.374166437933,834.826041772389
2021-12-09,601.093183452849,842.010704355653
2021-12-10,576.731552938513,808.235532979382
2021-12-11,574.827435923075,806.002118928877
2021-12-12,577.303060189454,809.19439514485
2022-01-01,583.302072015606,818.43194805967
2022-01-02,581.567592866717,816.191276774233
2022-01-03,581.567592866717,816.191276774233
2022-01-04,556.163641985188,780.647154383143
2022-01-05,572.528706758177,803.677989441715
2022-01-06,603.707602337314,846.968302968978
2022-01-31,740.681561609373,1038.20642214074
2022-01-25,613.019541910193,860.376951661303
2022-01-26,625.609937363869,877.966674829167
2022-01-27,661.151338291859,927.226064088484
2022-01-28,658.31285227885,923.151126673835
2022-01-29,737.488378239034,1034.00448311477
2022-01-30,740.681561609373,1038.20642214074
2022-01-19,656.319834135488,921.341353712521
2022-01-20,677.891057818243,951.555037045623
2022-01-21,657.068236487911,922.138742400739
2022-01-22,597.682283034532,838.891000489006
2022-01-23,597.436444201191,838.572589306339
2022-01-24,597.436444201191,838.572589306339
2022-01-13,658.31285227885,923.764363025639
2022-01-14,680.934560718098,955.598224057442
2022-01-15,643.047258598148,902.622223358273
2022-01-16,642.894856664564,902.422649397627
2022-01-17,642.894856664564,902.422649397627
2022-01-18,642.894856664564,902.422649397627
2022-01-07,596.10746305416,836.648514894836
2022-01-08,572.720116329524,804.136102396835
2022-01-09,574.265907370166,806.130934848931
2022-01-10,574.265907370166,806.130934848931
2022-01-11,618.437067787371,867.933547534862
2022-01-12,614.879208361669,863.052149888329
2022-02-01,740.148154841828,1037.53512790948
2022-02-02,767.99235096944,1076.15903937508
2022-02-03,899.888967251786,1261.3219457539
2022-02-04,918.542782491641,1287.57408596818
2022-02-05,765.033213425677,1072.73271733254
2022-02-06,763.516451324766,1070.73334910861
2022-02-25,705.649074281031,990.4783094522
2022-02-26,661.495149796791,928.849870404651
2022-02-27,673.715426268904,944.82032302818
2022-02-28,673.715426268904,944.82032302818
2022-02-19,679.678151920393,954.043361473135
2022-02-20,651.517358918847,914.739084232597
2022-02-21,651.517358918847,914.739084232597
2022-02-22,651.517358918847,914.739084232597
2022-02-23,656.923998943626,922.281165636291
2022-02-24,672.964302453382,944.789479779717
2022-02-13,578.460589161202,812.199797561309
2022-02-14,578.460589161202,812.199797561309
2022-02-15,599.202673752909,841.220572902367
2022-02-16,618.758200433138,868.571277054563
2022-02-17,644.46604802747,904.561719394007
2022-02-18,681.69112745982,956.678644908032
2022-02-07,763.516451324766,1070.73334910861
2022-02-08,633.635532044946,889.008557779102
2022-02-09,632.98328805538,888.095960486329
2022-02-10,604.354403400681,847.553417535418
2022-02-11,585.560886388374,821.509922825454
2022-02-12,580.65862419141,815.038283574318
2022-03-01,640.615177741364,898.71783096454
2022-03-02,659.459495398199,925.655779879945
2022-03-03,680.247844862602,954.799928214857
2022-03-04,673.570281570253,945.175020385511
2022-03-05,699.736242119704,981.252549544146
2022-03-06,699.240028681188,980.602119863312
2022-03-31,764.165066696866,1073.06382867633
2022-03-25,721.457146272944,1012.86869352797
2022-03-26,753.477881104262,1057.94337969428
2022-03-27,751.796016908634,1055.72538726801
2022-03-28,751.796016908634,1055.72538726801
2022-03-29,786.950970076464,1104.912204178
2022-03-30,747.069742658785,1049.59393090434
2022-03-19,674.266976123781,945.660347971628
2022-03-20,669.941664103958,940.010590576607
2022-03-21,669.941664103958,940.010590576607
2022-03-22,668.636268970459,938.184488836694
2022-03-23,705.842298161111,990.241542162524
2022-03-24,729.166144080087,1023.27647557567
2022-03-13,708.982866578189,993.480990405559
2022-03-14,708.982866578189,993.480990405559
2022-03-15,687.006144893576,962.732993150544
2022-03-16,661.562279219917,927.145327349859
2022-03-17,665.261654726805,932.540174367873
2022-03-18,697.919211923457,978.279804684884
2022-03-07,699.240028681188,980.602119863312
2022-03-08,733.421605213684,1028.42729806908
2022-03-09,696.191990009501,975.71800075368
2022-03-10,694.303294618294,972.329779194527
2022-03-11,721.522461387337,1009.90592736674
2022-03-12,708.776942536977,993.212472713053
2022-04-01,788.054069786217,1107.08121026848
2022-04-02,789.568110424029,1109.56772038726
2022-04-03,791.339782901947,1111.91090011612
2022-04-04,791.339782901947,1111.91090011612
2022-04-05,820.420430431199,1152.59949492005
2022-04-06,855.613484082425,1202.03124350901
2022-04-25,907.626086844293,1273.86063340868
2022-04-26,920.440549426513,1291.79053946401
2022-04-27,977.96048634785,1371.8831984888
2022-04-28,992.562950186586,1392.3676512404
2022-04-29,969.328912549901,1359.70011534572
2022-04-30,974.471570654008,1366.57453113561
2022-04-19,1044.4984448273,1466.31796804912
2022-04-20,966.881410068886,1357.84317035734
2022-04-21,941.712412168299,1322.23282569749
2022-04-22,940.097677395798,1319.67374322939
2022-04-23,901.642496642373,1265.88583937213
2022-04-24,907.626086844293,1273.86063340868
2022-04-13,931.917866472403,1308.01771677328
2022-04-14,941.714226477032,1322.03415889121
2022-04-15,961.34413981532,1349.97360622732
2022-04-16,961.34413981532,1349.97360622732
2022-04-17,961.34413981532,1349.97360622732
2022-04-18,961.34413981532,1349.97360622732
2022-04-07,891.125856070685,1251.99549171116
2022-04-08,862.371784113399,1211.32503999456
2022-04-09,890.088978629691,1249.64233328427
2022-04-10,893.993371023424,1254.8412349591
2022-04-11,893.993371023424,1254.8412349591
2022-04-12,906.795133444512,1272.7529979271
2022-05-01,968.237605846913,1357.9229999416
2022-05-02,968.237605846913,1357.9229999416
2022-05-03,1057.04711118011,1482.1813764574
2022-05-04,1123.28208010112,1575.40600209271
2022-05-05,1179.52655798305,1654.00276356702
2022-05-06,1166.49891412469,1635.9803277663
2022-05-31,1126.87894716458,1582.08447253942
2022-05-25,1203.95985369235,1689.72740967705
2022-05-26,1251.27702545283,1756.03857956486
2022-05-27,1230.44694688757,1726.72660767213
2022-05-28,1129.2801847729,1585.31757070189
2022-05-29,1126.87894716458,1582.08447253942
2022-05-30,1126.87894716458,1582.08447253942
2022-05-19,1158.22022337534,1625.12713292461
2022-05-20,1127.21822289768,1582.07540099576
2022-05-21,1099.46474220673,1543.23649394527
2022-05-22,1097.39643025094,1540.45515865736
2022-05-23,1097.39643025094,1540.45515865736
2022-05-24,1113.21357378652,1562.58518942992
2022-05-13,1076.66976728346,1510.18976752536
2022-05-14,1103.82724755558,1548.50796796943
2022-05-15,1106.96963028139,1552.7316787002
2022-05-16,1106.96963028139,1552.7316787002
2022-05-17,1121.80795425544,1573.49372068797
2022-05-18,1156.73067590542,1622.85471123634
2022-05-07,1168.48104641565,1638.98573018276
2022-05-08,1166.74112434056,1636.64073614516
2022-05-09,1166.74112434056,1636.64073614516
2022-05-10,1044.75154089557,1465.95782776559
2022-05-11,973.454650609079,1366.52373049109
2022-05-12,1063.6040229417,1492.06573043558
2022-06-01,1121.43783527388,1575.19009935346
2022-06-02,1133.89034326383,1592.90138120645
2022-06-03,1163.62777055448,1633.94195190461
2022-06-04,1126.03620075804,1581.21723296498
2022-06-05,1116.26796253877,1568.06530895839
2022-06-06,1116.26796253877,1568.06530895839
2022-06-25,868.380774637583,1219.83777657049
2022-06-26,867.976183790091,1219.29983403111
2022-06-27,867.976183790091,1219.29983403111
2022-06-28,863.522963004581,1213.06949784148
2022-06-29,921.829402761737,1295.12251745244
2022-06-30,939.26309537855,1319.48959089297
2022-06-19,993.549026983052,1393.46530802396
2022-06-20,993.549026983052,1393.46530802396
2022-06-21,993.549026983052,1393.46530802396
2022-06-22,927.379373176435,1301.15962976199
2022-06-23,907.881904375667,1274.54099918361
2022-06-24,932.799620516713,1309.54173610913
2022-06-13,1144.74172379679,1607.74877672416
2022-06-14,1131.04187855279,1588.58060495846
2022-06-15,1059.81211768943,1488.01437903446
2022-06-16,1054.31748369109,1478.83216253601
2022-06-17,1114.19511481115,1562.02366087701
2022-06-18,997.861638841743,1399.2284597148
2022-06-07,1204.44880989593,1691.44465289298
2022-06-08,1238.30925378266,1738.77543196896
2022-06-09,1261.96693250854,1771.93192406723
2022-06-10,1073.07743599183,1507.51729076143
2022-06-11,1143.47624345542,1606.04423366937
2022-06-12,1144.74172379679,1607.74877672416
2022-07-01,917.090428350756,1288.47126163672
2022-07-02,798.602460760736,1122.22615241843
2022-07-03,798.20421999381,1121.70091004018
2022-07-04,798.20421999381,1121.70091004018
2022-07-05,798.20421999381,1121.70091004018
2022-07-06,825.465115863715,1159.12647058755
2022-07-31,1173.40598747178,1645.96265441607
2022-07-25,1153.24720313778,1616.95276492741
2022-07-26,1191.28600003695,1670.17551161429
2022-07-27,1260.39029821943,1767.27187208614
2022-07-28,1189.24127409469,1667.86680375136
2022-07-29,1176.43044012994,1650.03577752199
2022-07-30,1180.76028792159,1655.86515148159
2022-07-19,1062.0083384109,1488.47158483522
2022-07-20,1039.59799693906,1458.0710277026
2022-07-21,1053.93829316586,1478.75686872358
2022-07-22,1104.81332435205,1549.80973448546
2022-07-23,1144.49316350035,1605.18062271239
2022-07-24,1153.24720313778,1616.95276492741
2022-07-13,960.157581903842,1347.40726652428
2022-07-14,945.312000694863,1325.7553061029
2022-07-15,984.025720442762,1379.80356326336
2022-07-16,945.25212850667,1325.63102595468
2022-07-17,952.964754931279,1335.90182769302
2022-07-18,952.964754931279,1335.90182769302
2022-07-07,827.072593401284,1161.64654541789
2022-07-08,857.641881246084,1203.63146381165
2022-07-09,899.521569733324,1261.75737984986
2022-07-10,894.61658607326,1255.24310434349
2022-07-11,894.61658607326,1255.24310434349
2022-07-12,960.682824282088,1347.68122714298
2022-08-01,1144.86872540811,1606.4016524898
2022-08-02,1093.75511262351,1534.88613800096
2022-08-03,1050.26885375307,1474.12856714532
2022-08-04,1051.2558377039,1475.75872354205
2022-08-05,1119.63713385623,1570.69787093019
2022-08-06,1126.92158341981,1580.55138165991
2022-08-31,1170.13388167155,1643.07246060417
2022-08-25,1216.43776200457,1707.17743107246
2022-08-26,1229.99881263048,1726.62500638307
2022-08-27,1227.29639977246,1723.07349703794
2022-08-28,1228.70158188628,1724.96854250971
2022-08-29,1228.70158188628,1724.96854250971
2022-08-30,1201.4724364192,1686.87168773108
2022-08-19,1227.91417189609,1723.90626474645
2022-08-20,1196.11024695839,1679.09011757461
2022-08-21,1198.65753641973,1682.52278969773
2022-08-22,1198.65753641973,1682.52278969773
2022-08-23,1257.32230215168,1764.60393109405
2022-08-24,1264.67115967529,1774.55813595846
2022-08-13,1166.07436588113,1637.30658745023
2022-08-14,1166.25761106318,1637.55333343794
2022-08-15,1166.25761106318,1637.55333343794
2022-08-16,1133.30432154303,1591.44630560246
2022-08-17,1221.45069703426,1715.02703780643
2022-08-18,1238.39271198439,1738.76817473403
2022-08-07,1111.63331087995,1560.02429265308
2022-08-08,1111.63331087995,1560.02429265308
2022-08-09,1060.62583515624,1488.65573717163
2022-08-10,1098.82247691519,1541.90841995261
2022-08-11,1084.21457015026,1521.82765089413
2022-08-12,1144.98484116703,1606.87609422351
2022-09-01,1168.19801425328,1640.16321655057
2022-09-02,1234.21798758941,1732.08970428731
2022-09-03,1180.87096075432,1657.59600201301
2022-09-04,1189.32291798768,1668.98078931351
2022-09-05,1189.32291798768,1668.98078931351
2022-09-06,1189.32291798768,1668.98078931351
2022-09-25,779.72911416417,1096.73148610024
2022-09-26,779.72911416417,1096.73148610024
2022-09-27,811.417830497322,1141.06774861216
2022-09-28,853.620465939063,1199.5265903029
2022-09-29,805.520419960227,1131.67235083756
2022-09-30,760.471134116178,1068.62602951506
2022-09-19,1002.30397377485,1408.10224372862
2022-09-20,976.932680450522,1372.60438621023
2022-09-21,993.153507679226,1395.07822848772
2022-09-22,996.783939454254,1400.32702365272
2022-09-23,958.951066596299,1347.37733043018
2022-09-24,781.246783419448,1098.73176147854
2022-09-13,1074.28485845374,1508.68751989431
2022-09-14,1079.05014034135,1515.69891599356
2022-09-15,1105.60799157716,1553.17074141362
2022-09-16,1063.3137335444,1493.2350524141
2022-09-17,1002.30397377485,1408.10224372862
2022-09-18,1002.30397377485,1408.10224372862
2022-09-07,1108.78212470581,1557.08692681412
2022-09-08,1066.8852002856,1498.50471212952
2022-09-09,1063.64303057947,1493.45367661644
2022-09-10,1043.60126915875,1465.72831771085
2022-09-11,1043.13771327744,1465.10782412411
2022-09-12,1043.13771327744,1465.10782412411
2022-10-01,674.872955240653,949.000490349352
2022-10-02,671.429397265139,944.513704852278
2022-10-03,671.429397265139,944.513704852278
2022-10-04,710.538636316863,999.233256244003
2022-10-05,754.501151229757,1061.03859039303
2022-10-06,854.826981246606,1201.67836046042
2022-10-31,636.652727468171,896.897172150826
2022-10-25,642.742454730979,904.808465381715
2022-10-26,699.351608668277,984.248880416939
2022-10-27,690.755413890624,972.253578227735
2022-10-28,688.140087851793,968.835420574485
2022-10-29,637.201555859948,897.61110263732
2022-10-30,636.652727468171,896.897172150826
2022-10-19,790.546929985562,1111.49633057059
2022-10-20,735.752991935778,1035.10213989833
2022-10-21,669.371064007383,942.137867566222
2022-10-22,562.075566992149,791.70173749421
2022-10-23,560.006347881994,789.048310971982
2022-10-24,560.006347881994,789.048310971982
2022-10-13,831.608365234152,1169.26573494274
2022-10-14,798.890935849306,1123.5188473908
2022-10-15,773.503313746375,1087.79238697202
2022-10-16,773.668415841092,1088.00919686564
2022-10-17,773.668415841092,1088.00919686564
2022-10-18,785.121239719084,1104.03407875116
2022-10-07,885.292853493616,1244.39444527364
2022-10-08,836.846274546749,1176.1519437394
2022-10-09,836.148672838854,1175.22846059423
2022-10-10,836.148672838854,1175.22846059423
2022-10-11,816.995015543017,1148.42839914254
2022-10-12,814.146550831976,1144.61472218547
2022-11-01,582.577255676714,821.299463012409
2022-11-02,448.933460084347,634.328597981009
2022-11-03,402.869975658469,569.895237632014
2022-11-04,448.189593503756,633.304420701147
2022-11-05,266.082890185924,378.736948044509
2022-11-06,265.24467955121,377.796228966372
2022-11-25,806.405802622003,1135.55587868086
2022-11-26,802.615711678458,1130.54203649681
2022-11-27,802.651090698754,1130.58739421514
2022-11-28,802.651090698754,1130.58739421514
2022-11-29,781.126131888694,1100.47168355362
2022-11-30,781.235897567049,1100.71298661513
2022-11-19,727.540523455187,1025.65866294229
2022-11-20,731.694383299728,1031.12063938343
2022-11-21,731.694383299728,1031.12063938343
2022-11-22,760.694294090355,1071.69583989154
2022-11-23,766.864758091789,1080.32922799822
2022-11-24,807.419094049465,1136.89574568029
2022-11-13,555.451525807428,784.644076522267
2022-11-14,555.451525807428,784.644076522267
2022-11-15,734.023955713089,1034.49525362709
2022-11-16,774.933896182462,1091.32031030363
2022-11-17,732.438249880318,1032.25367518728
2022-11-18,742.213745334516,1045.98889945158
2022-11-07,265.24467955121,377.796228966372
2022-11-08,406.993899408913,576.125573821642
2022-11-09,466.970410354931,660.474601134395
2022-11-10,403.385239338683,571.670538727398
2022-11-11,557.598760193108,787.403640105384
2022-11-12,560.459017910914,791.078522444374
2022-12-01,776.569495505394,1094.34839157925
2022-12-02,757.256179041041,1067.64720995352
2022-12-03,621.576729050083,877.277237510571
2022-12-04,614.202471204205,867.704944634486
2022-12-05,614.202471204205,867.704944634486
2022-12-06,600.222315260938,848.14578933679
2022-12-31,384.159916847887,545.041022296628
2022-12-25,729.911824969411,1028.33386116932
2022-12-26,729.911824969411,1028.33386116932
2022-12-27,729.911824969411,1028.33386116932
2022-12-28,467.062940100322,660.994400586442
2022-12-29,384.505542661551,545.57261475544
2022-12-30,384.605329641874,545.586222070939
2022-12-19,697.331375893917,982.09348164196
2022-12-20,743.214336600847,1046.29188901001
2022-12-21,631.244273134658,889.637215755137
2022-12-22,843.421329395675,1186.61687651219
2022-12-23,875.727817852463,1231.84033599462
2022-12-24,734.012162706323,1033.7187294893
2022-12-13,728.327026291006,1025.82376503701
2022-12-14,787.66671487169,1108.8501612833
2022-12-15,741.491650458723,1043.81354328053
2022-12-16,795.381155605033,1119.72512782978
2022-12-17,694.069248791718,977.826227501597
2022-12-18,697.331375893917,982.09348164196
2022-12-07,604.027827828715,852.883856593405
2022-12-08,607.602923187382,856.66578314765
2022-12-09,645.361409387278,909.359658838816
2022-12-10,644.732751411242,908.790873050974
2022-12-11,644.001584991784,907.839268120438
2022-12-12,644.001584991784,907.839268120438
2023-01-01,358.247959521076,509.066908735783
2023-01-02,358.247959521076,509.066908735783
2023-01-03,358.247959521076,509.066908735783
2023-01-04,453.315922829264,641.758192243247
2023-01-05,483.977740419454,684.610350211454
2023-01-06,460.322783156679,651.707861335827
2023-01-31,473.238847027955,671.505598231931
2023-01-25,470.42848280031,667.308194977795
2023-01-26,436.58164622908,620.241397822486
2023-01-27,377.490517944837,537.548834383096
2023-01-28,361.753203993517,515.563948309183
2023-01-29,362.004485753058,515.870566485085
2023-01-30,362.004485753058,515.870566485085
2023-01-19,423.337192477104,601.814371174275
2023-01-20,381.441175211265,543.318336154505
2023-01-21,429.660058412123,610.785220705322
2023-01-22,435.303465726577,617.847417449098
2023-01-23,435.303465726577,617.847417449098
2023-01-24,449.807049739357,638.139553474985
2023-01-13,502.998046023405,712.332987653946
2023-01-14,437.586773267243,621.061465369869
2023-01-15,434.530570206257,617.234181097294
2023-01-16,434.530570206257,617.234181097294
2023-01-17,434.530570206257,617.234181097294
2023-01-18,434.094228955935,616.863154961366
